couleur,etiquette
#63ADBB,5
#60A37C,5
#178F2D,3
#610D19,1
#5C114D,1
#CE2B32,3
#FA074E,3
#81F594,7
#150CF3,1
#5B7881,4
#AD89B1,5
#637126,3
#02F0BD,6
#960A33,2
#19E815,5
#499984,4
#C0BFCC,7
#6F35C9,3
#D5D6C1,8
#D1ED99,8
#545A49,3
#C1CF81,7
#D97223,5
#C52F8E,4
#9E3C5F,3
#44B995,5
#408F77,4
#58C429,5
#C38CE2,6
#D42B52,3
#004C16,1
#2587C4,4
#E815DF,4
#0FC696,5
#686D56,4
#6A2225,2
#F41B8F,4
#C68EFB,6
#0BB409,4
#9A595D,4
#9274E4,5
#B548E9,4
#1B9909,3
#819A31,5
#F68916,6
#7A5C18,3
#C346FF,5
#7D426C,3
#F67A31,5
#7F3FD1,3
#0ADF2A,5
#737FCA,5
#3678A8,4
#A1BDDC,7
#A6B238,6
#A0ED77,7
#416AA2,3
#B650FF,5
#DB6738,5
#29FFE5,7
#13B809,4
#F31B98,4
#8401B6,2
#400216,0
#01FF3C,6
#18A473,4
#F65968,5
#224316,2
#ADD839,7
#5E799B,4
#BA61CF,5
#E01496,3
#FE2344,4
#D3E694,8
#8E1872,2
#A13A16,3
#8A5B15,3
#9FC89E,7
#53C478,6
#8C3118,2
#3321D4,2
#BC1857,3
#FD789D,6
#A67535,4
#6CDF03,6
#8A071C,1
#EC44D0,5
#7A2D1F,2
#BE3C24,3
#EECC64,7
#9FCA9A,7
#7F4068,3
#3FD987,6
#90CA92,6
#AF316C,3
#72499F,3
#95F3C3,8
#E190E5,6
#E0DCDA,8
#D39C6A,6
#07FDB8,6
#DB06D4,3
#3898CC,5
#A88AB9,5
#9A7382,5
#4B232D,1
#7605F8,2
#A13E22,3
#6FD0A5,6
#F10493,3
#B30B4A,2
#86B309,5
#3B41B5,2
#AAB24B,6
#7FD0E1,7
#0AF9B8,6
#16BBC5,5
#115BF9,3
#8D461F,3
#B4FE0E,8
#5353E1,3
#0D98D2,4
#37773E,3
#BE2A12,3
#3F9E08,4
#155E67,2
#2BACAB,5
#AB4732,3
#911418,2
#E1ED14,8
#B436F3,4
#536F94,4
#11C46B,5
#FE8357,6
#CC6CBB,5
#3A69EF,4
#F84F3D,4
#E6AD41,6
#9E3E7A,3
#573C94,3
#13A8BE,4
#50E72B,6
#3C944A,4
#5E2CB4,2
#D000FB,3
#5368D7,4
#4D11CB,2
#2ECC29,5
#7E4740,3
#AB3A72,3
#73560D,3
#8E4A81,3
#B50EA7,3
#D70F63,3
#067A77,3
#CF90A0,6
#326A93,3
#303D6F,2
#DBC206,7
#EF48B4,5
#2BD55A,5
#CE2921,3
#D47722,5
#474B20,2
#568C42,4
#C1B99A,7
#0E221C,1
#3A75D0,4
#9D9DFB,6
#1F2388,1
#CA9081,6
#B366F4,5
#8A60E9,4
#8E83E2,5
#0D78BE,3
#85776D,4
#0CD657,5
#DD8E45,6
#2F0199,1
#ADA0DD,6
#B62C3E,3
#F2AD92,7
#DA27C5,4
#D117C0,3
#E13537,4
#8230D5,3
#7AFD0B,7
#42F825,6
#0B0956,0
#6BC913,5
#55DDFF,7
#6BCB9D,6
#395D4B,3
#B4DC5B,7
#C977D4,6
#2951A0,3
#421EEF,2
#F86BEC,6
#976633,4
#408B06,3
#3B54F8,3
#0D1DA5,1
#F581B8,6
#8E08CB,2
#379BCB,5
#6D0B96,2
#10334D,1
#8D15BB,2
#4A0526,1
#9D1656,2
#20A3F9,5
#361012,1
#9D9916,5
#BCA5D6,6
#281860,1
#19B973,5
#3C3B82,2
#C0C4F6,7
#1D3972,2
#700F95,2
#5BB461,5
#68C817,5
#495C11,3
#504E28,2
#AEE5F7,8
#1FCD33,5
#D1A510,6
#DF9B4A,6
#6AABCB,6
#CC633B,4
#52C2A7,6
#6EDA84,6
#DC4475,4
#E5A0A8,7
#234C88,2
#B7E80C,7
#EFB4B7,7
#3FFE49,6
#181368,1
#859A07,5
#94FE54,7
#1A6505,2
#D9F497,8
#34BD56,5
#D63D40,4
#BF0CF8,3
#8D25BE,3
#7082AA,5
#F84E23,4
#429BB8,5
#332D9B,2
#26E5EE,6
#13274F,1
#4EA8E0,5
#65E12D,6
#621007,1
#23B797,5
#580DE4,2
#FD4265,4
#6C342D,2
#72E2CE,7
#6FADE9,6
#AC993D,5
#54C34F,5
#CDFE62,8
#D3C86F,7
#793578,3
#A637D9,4
#B5A869,6
#DDB90B,6
#86895B,5
#A9FA40,8
#50032C,1
#5BBE77,5
#5CE17C,6
#9209B6,2
#5F102E,1
#8CAF6E,6
#164390,2
#CB0626,2
#2B06A3,1
#44D974,6
#14EFCD,6
#10D6DB,6
#5B38D2,3
#F11482,3
#02FA67,6
#92489F,4
#FD83F0,7
#E73295,4
#D64F6B,4
#CF480C,4
#E46204,4
#CEF02E,8
#97CBE1,7
#3E4889,2
#1C0C7E,1
#A96446,4
#D8F352,8
#45A5FF,5
#D9C55E,7
#465A15,2
#61249C,2
#8EF1B4,8
#374B0A,2
#0FB766,4
#5182C6,4
#89F833,7
#771CAB,2
#189128,3
#9EBC60,6
#A7D4FF,7
#3128E6,2
#EB3A2B,4
#901EAC,3
#86E260,7
#4B2D41,2
#27167B,1
#DEB196,7
#49473A,2
#534705,2
#6F2739,2
#6CB3A5,6
#55F0C1,7
#BF6D40,5
#D8B297,7
#871C29,2
#04D0E1,5
#924738,3
#2CED5B,6
#5CB4D0,6
#0F4D36,2
#F2FF99,9
#780461,1
#36E47F,6
#CA452F,4
#ADFB0F,7
#EAEEB9,9
#E9C635,7
#078FD1,4
#7A627D,4
#080600,0
#ED627F,5
#18DCF7,6
#94D387,7
#D7B6F7,7
#494D6E,3
#978A78,5
#B47D36,5
#584177,3
#CE38B4,4
#8EC425,6
#5487F4,5
#3BFF82,7
#77B193,6
#076724,2
#2D6258,3
#8A5385,4
#BEBE69,7
#2F5595,3
#2DCF0F,5
#0ED5FE,6
#5D3E84,3
#610654,1
#17F29A,6
#CD10A0,3
#7A4912,3
#830E67,2
#CAC009,6
#BB5C19,4
#602385,2
#9A5173,4
#C4669A,5
#E12458,3
#D9CCB8,8
#03AA9C,4
#786BC4,4
#8F877A,5
#04DF64,5
#1D908E,4
#0CEC44,5
#DB2563,3
#B45299,4
#F43F56,4
#57159E,2
#66B163,5
#3EE669,6
#4B83DB,4
#1D80E6,4
#679CBC,5
#2EE9DF,6
#14505A,2
#DFE019,7
#C9BFD2,7
#3E091E,1
#7A38B6,3
#234B47,2
#450B76,1
#23F009,5
#B2174E,2
#60EF5F,7
#D23CCB,4
#8D1C97,2
#1895CD,4
#6DFAFE,8
#1A9ACE,4
#2AA8F5,5
#2DE8FE,7
#345BA2,3
#49BAB6,5
#A095C9,6
#87603A,4
#482930,2
#149310,3
#E1B8E6,7
#C9F974,8
#227000,2
#D0467B,4
#D05B5A,4
#5F9E97,5
#9C2645,3
#D93C77,4
#60B7B2,6
#61073A,1
#0341B5,2
#3B5855,3
#E11672,3
#7AD49C,7
#D9A93C,6
#89434A,3
#C287BB,6
#05D713,5
#9F0701,2
#C90E85,3
#78369F,3
#72B980,6
#90387C,3
#D283CD,6
#389A5D,4
#B7F4E5,8
#E0913E,6
#2BCCA2,5
#23266C,1
#68D5C9,7
#DD47D7,5
#2AE19D,6
#7A236A,2
#01B81F,4
#1F5ADF,3
#0AC932,4
#357ED4,4
#E3064D,3
#CC11A0,3
#093314,1
#A819F3,3
#CD4DD4,5
#867D45,4
#522ED0,2
#51A540,5
#2A5598,3
#C42D09,3
#A5764F,5
#5BB8C6,6
#11FAAA,6
#523B3B,2
#7E4B07,3
#6F8D12,4
#DD7452,5
#20A769,4
#E1D092,8
#B31A5C,3
#81224A,2
#C8F3F9,9
#00756A,3
#738210,4
#3BB1BD,5
#D1C8E7,8
#2428A8,2
#F3A16F,7
#4F7E31,4
#570691,1
#4D4A0A,2
#F87E90,6
#ABC60E,6
#0F8F3C,3
#13090B,0
#AD058E,2
#1E2D97,2
#52E84C,6
#A8C978,7
#26651D,2
#B83D9A,4
#375709,2
#6B4AC3,3
#5F1766,2
#9E73E4,5
#BF70BF,5
#C3CA70,7
#76DCF2,7
#22FAEE,7
#D4958C,6
#40DC7F,6
#C570DE,5
#4437DF,3
#DEE39F,8
#729CAC,5
#A1DE33,7
#F38213,5
#70F9EA,8
#9340DD,4
#93F5E1,8
#681102,1
#8754DE,4
#7D7EDB,5
#6BF90E,7
#DAB5A8,7
#634309,2
#429C47,4
#7DCF46,6
#ACAD48,6
#0A5EBF,3
#2EF772,6
#1FD9E4,6
#679506,4
#F94735,4
#C5856A,5
#99162D,2
#A78AC3,6
#4D7E56,4
#76CEB4,6
#51A70A,4
#C17B4F,5
#C33BDD,4
#A427CF,3
#2EB199,5
#9758ED,4
#8403B9,2
#863527,2
#6F91E4,5
#34F142,6
#1B8863,3
#C09C45,6
#C10D8D,3
#9972FE,5
#4AF1EB,7
#B56BF9,5
#96EEB8,8
#E94C12,4
#8BD801,6
#6EE669,7
#6986BD,5
#49BB4C,5
#5A063D,1
#189526,3
#513366,2
#B1ACD8,7
#448592,4
#9FDF9D,7
#DB6990,5
#02A4BF,4
#6DC794,6
#72A474,5
#358992,4
#763708,2
#6429CF,3
#100BAF,1
#89EEA9,7
#A339B2,4
#03D7A0,5
#E911EB,4
#270C52,1
#D90786,3
#7AE407,6
#A53577,3
#B0C1C0,7
#0C4EDB,2
#09F410,5
#36812C,3
#D3C63E,7
#605AE4,4
#44051E,1
#C542A5,4
#D3EF55,8
#10D632,5
#D4F2E5,9
#DBA09C,6
#14EB71,6
#B92F33,3
#01C286,5
#279392,4
#E46CD6,6
#B39FAA,6
#1485B7,4
#77BA31,5
#0243CF,2
#BDAD56,6
#A8E516,7
#D6EDB4,8
#8A7D2E,4
#69148E,2
#CA52F1,5
#5E68E3,4
#595A29,3
#D89A60,6
#607064,4
#CC1EBD,3
#1F5D73,3
#757583,4
#435D00,2
#5269D2,4
#7991AD,5
#56C98E,6
#E60319,2
#C3CB08,6
#65A18E,5
#1F6ABD,3
#36BA4A,5
#643EAC,3
#07385A,1
#C0DC9F,8
#E6761A,5
#6BE432,6
#E8EF1F,8
#6D81C6,5
#DAEAC3,8
#4F7B14,3
#B83478,3
#67D622,6
#A31C75,3
#045319,2
#92C338,6
#DFA924,6
#6F9A93,5
#F8387A,4
#BA1C85,3
#19EA7D,6
#34F214,6
#99EEEF,8
#86B15E,6
#D1DBCC,8
#240245,0
#624433,2
#C0C499,7
#803BB1,3
#8C3CCD,3
#146C72,3
#29A414,4
#66965B,5
#261D43,1
#1B806E,3
#AB41EE,4
#105AD1,3
#C33011,3
#8BF03D,7
#35C5AA,5
#CF33E0,4
#07F4CE,6
#66E859,6
#67FC50,7
#4B2F3E,2
#D15A1E,4
#5624C6,2
#85D204,6
#61B92C,5
#A39893,6
#ADE7F2,8
#D468D8,5
#4C5ED3,3
#0C9402,3
#CE3CFB,4
#6719CA,2
#982184,3
#65BB52,5
#111A8E,1
#D0A148,6
#4C3672,2
#20DD10,5
#38944F,4
#FDAF01,6
#06D6BC,5
#5172DE,4
#3FACCD,5
#14494E,2
#925C2F,4
#9A6482,4
#6A5740,3
#395927,2
#5BCE5C,6
#81D93A,6
#100648,0
#DD761E,5
#2A1087,1
#165DF0,3
#CE1DE1,4
#762AC9,3
#0C10E6,1
#33D153,5
#C7393B,3
#EAEE5D,8
#C8D5A3,7
#109C07,3
#7CD2F3,7
#28A5D6,5
#B2DDD0,8
#B05D82,4
#69986A,5
#245BDC,3
#2E386A,2
#642F20,2
#372538,1
#A8551F,4
#100AD8,1
#8E19A3,2
#51387B,2
#7CA701,5
#6FEF15,6
#A244E7,4
#E2539C,5
#54E345,6
#7A6843,4
#9DB011,5
#3497F0,5
#185BCB,3
#9D0162,2
#F7E934,8
#E25CE6,5
#108D72,3
#B8462F,3
#83EE97,7
#B81468,3
#77E1FC,7
#5E4097,3
#DDC005,7
#D8E77D,8
#58C038,5
#B49F47,6
#E47DF5,6
#B0EA09,7
#C12521,3
#19C8CC,5
#C582D4,6
#4B8182,4
#C56B26,4
#1E57F0,3
#4A21CC,2
#052746,1
#1B53FF,3
#EE703F,5
#98359E,3
#2A2BD4,2
#662315,2
#60CCD4,6
#60A144,5
#AFABD3,6
#492C93,2
#0AA2FA,4
#CEE263,8
#CD2D8E,4
#A474AF,5
#40C36E,5
#BF1FFD,4
#B318C7,3
#F94591,5
#EF7087,5
#C53DBB,4
#4ABE69,5
#2B3660,2
#04D4A6,5
#DFC76B,7
#92C455,6
#3F470F,2
#8BE4A9,7
#7D4A61,3
#54F9C3,7
#F18C51,6
#B3616B,4
#50DEE4,7
#0FC18C,5
#F7DBF7,9
#62235B,2
#78B27C,6
#7E7A28,4
#0E9429,3
#FF3FD8,5
#F4F62D,8
#4D357F,2
#314479,2
#7F77A2,4
#9DBFF1,7
#BE53BC,4
#1FD84E,5
#A0D9C4,7
#D5F8F1,9
#5043B4,3
#3D209E,2
#A250FC,4
#C9D8F7,8
#34BC95,5
#5B1345,1
#1C5625,2
#90156A,2
#3F3486,2
#135C37,2
#ACC855,7
#4A6BFA,4
#9ECDA3,7
#AF79A7,5
#6DAD66,5
#3A4AC2,3
#EB75B3,6
#5AEB47,6
#42A396,5
#CA6D19,4
#CF29E2,4
#2B5E01,2
#63C562,6
#DB64D1,5
#E38B2B,6
#989A1A,5
#BE99B1,6
#DCB38B,7
#FA7323,5
#4829A8,2
#0949E3,2
#CAA87F,6
#BA915D,5
#228858,3
#E01E9F,4
#376C59,3
#5AF7E0,7
#FB4653,4
#438674,4
#D54566,4
#E650C2,5
#90F064,7
#420A33,1
#F34915,4
#10C9FB,5
#57A050,5
#E350C5,5
#703C5A,3
#2C1FCB,2
#81F3C2,7
#FC9D36,6
#CFE0B1,8
#7BB87F,6
#44FD2D,6
#09A969,4
#3730B8,2
#313D8A,2
#068D76,3
#9FC041,6
#3E3AAA,2
#0F6580,3
#4303D6,1
#24C60A,5
#2BC18D,5
#3106DF,1
#5F0436,1
#B195ED,6
#13D6E3,6
#9660DA,4
#DF0D21,3
#E4E28E,8
#431267,1
#8F14D8,3
#03E60B,5
#118BCD,4
#084011,1
#451A6B,1
#C0D021,7
#B6810C,5
#F1D91C,7
#BBEB35,7
#52CFAB,6
#38C1FA,6
#817E6D,4
#A5C685,7
#CE1343,3
#BE0874,2
#426308,3
#46720F,3
#B4CCD9,7
#FDF607,8
#9F3779,3
#E7D858,8
#4A7AEE,4
#944B50,3
#5A69DA,4
#5ED7B8,6
#038787,3
#BAFF9F,8
#CE2C1E,3
#195124,2
#160056,0
#1FDF1E,5
#897CA4,5
#B9364A,3
#A20CF2,3
#E055C2,5
#EF4C5F,4
#3D28F3,2
#A9FE92,8
#0DCE5A,5
#FEEC24,8
#6075D9,4
#87A20C,5
#3EA506,4
#C30923,2
#869E1A,5
#B5AC9D,6
#ED728B,6
#DD3F2B,4
#3F462A,2
#1450CF,3
#536035,3
#38AB86,5
#93EC55,7
#1976B1,3
#95AFFB,6
#D4D8B0,8
#05EB33,5
#A7697A,4
#D39AD5,6
#33A73D,4
#8B36BF,3
#B9262F,3
#1BEA6D,6
#4FA98B,5
#B9D5C2,7
#93C290,6
#CA4EA3,4
#B670B2,5
#9B4D62,4
#7E1E7B,2
#740560,1
#0631AA,1
#FF1904,3
#BDE4AD,8
#AB1408,2
#96757D,5
#CF5F8A,5
#3A0DB8,1
#11180C,0
#7F0321,1
#9F3248,3
#FD584C,5
#9BA0C8,6
#9215CE,3
#C7E5E3,8
#6F6C8A,4
#B171BF,5
#724EDE,4
#E42D37,3
#125881,2
#49BA0A,5
#5F483B,3
#29DF10,5
#3B652C,3
#2051F5,3
#7C0695,2
#9BD704,6
#CF04DD,3
#CB4418,4
#0C91B6,4
#CE7940,5
#A40E30,2
#751C25,2
#021E2D,0
#CD4572,4
#CA5A6C,4
#1BF0D5,6
#0A3992,2
#ABDAAB,7
#941B64,2
#EE438E,4
#EC34A2,4
#186FD8,3
#0EE455,5
#4DA6D7,5
#0131BD,1
#7EADA0,6
#ADC64D,6
#98E479,7
#9B6CBD,5
#1AC456,5
#CB65F6,5
#D443CA,4
#D462EF,5
#AADEC2,7
#9B64FF,5
#9E8076,5
#1BE49C,6
#CF085D,3
#3E8611,3
#21E206,5
#EB4C96,5
#417729,3
#F29031,6
#99DE44,7
